Age Analysis,UserCount,Glucose_AVG,Glucose_MIN,Glucose_MAX,Percent
Between 25 and 35,279,119.6774193548387,68,198,36.328125
Under 25,219,110.85844748858447,0,199,28.515625
Between 35 and 50,189,126.26984126984127,0,197,24.609375
Over 50,81,139.679012345679,57,197,10.546875
